id;identifier;birth_date;gender;phone_number;address;note
1;chairperson formation;2025-06-23;MALE;for after after;opposite;entice weighty phooey
2;uselessly inborn;2025-06-23;MALE;excluding;recede lazily lively;hawk
3;heavenly fixed reassuringly;2025-06-23;FEMALE;redound hearten;boo eek;why
4;retool enfold next;2025-06-23;MALE;whereas;graft judgementally outside;waltz sesame governance
5;cafe nervously;2025-06-23;MALE;refine overcook;however badly coolly;account likewise
6;despite;2025-06-23;MALE;access;amend;awkwardly alive always
7;concerning;2025-06-24;FEMALE;drat skean absent;at midst;until healthily
8;pantyhose aw;2025-06-23;FEMALE;hoick;kissingly publicize across;indeed forenenst
9;where sans mediocre;2025-06-23;MALE;before eek;oval instantly;upon
10;fraudster yahoo over;2025-06-23;FEMALE;phooey;summary solder;circa vein crossly
